"UsuarioID";"Nombre";"Email"
1;"Juan Pérez";"juan.perez@email.com"
2;"María López";"maria.lopez@email.com"
3;"Carlos Ruiz";"carlos.ruiz@email.com"
4;"Ana Torres";"ana.torres@email.com"
5;"Laura Gómez";"laura.gomez@email.com"
6;"Luis Sánchez";"luis.sanchez@email.com"
7;"Patricia Ríos";"patricia.rios@email.com"
8;"Andrés Gutiérrez";"andres.gutierrez@email.com"
9;"Elena Martínez";"elena.martinez@email.com"
10;"Raúl Castillo";"raul.castillo@email.com"
11;"Clara Fernández";"clara.fernandez@email.com"
12;"Miguel Ramírez";"miguel.ramirez@email.com"
13;"Silvia Ortiz";"silvia.ortiz@email.com"
14;"Jorge Herrera";"jorge.herrera@email.com"
15;"Carmen Morales";"carmen.morales@email.com"
16;"David Torres";"david.torres@email.com"
17;"Sara Campos";"sara.campos@email.com"
18;"Alejandro Soto";"alejandro.soto@email.com"
19;"Marta Vega";"marta.vega@email.com"
20;"Fernando Moreno";"fernando.moreno@email.com"
21;"Lucía Navarro";"lucia.navarro@email.com"
22;"Oscar Blanco";"oscar.blanco@email.com"
23;"Carolina Cruz";"carolina.cruz@email.com"
24;"Hugo Díaz";"hugo.diaz@email.com"
25;"Alba Sánchez";"alba.sanchez@email.com"
26;"Nicolás Romero";"nicolas.romero@email.com"
27;"Inés Ruiz";"ines.ruiz@email.com"
28;"Tomás Prieto";"tomas.prieto@email.com"
29;"Gloria Paredes";"gloria.paredes@email.com"
30;"Iván García";"ivan.garcia@email.com"
